Timestamp,Query,Response
2024-05-02 16:25:29,Can I get arrested for stealing a pen,"### Relevant Law Sections:

- **Indian Penal Code, 1860**
  - Section 378: Theft
  - Section 379: Punishment for theft

### Detailed Points:

1. In India, stealing a pen that is lying on the ground can constitute theft under Section 378 of the Indian Penal Code, 1860.
2. The act of taking someone else's property without their consent and with the intention of permanently depriving them of it is considered theft.
3. Even if the value of the pen is minimal, the act of stealing it is still a criminal offense.
4. The punishment for theft is outlined in Section 379 of the Indian Penal Code, which may include imprisonment or a fine or both.
5. It is important to note that intention plays a crucial role in determining whether an act constitutes theft.
6. If the intention was not to permanently deprive the owner of the pen but to return it later, it may not be considered theft.
7. However, proving such intention can be challenging in a legal setting.
8. It is advisable to always seek legal advice in such situations to understand the potential consequences.
9. The circumstances surrounding the theft, such as where the pen was found and whether any witnesses were present, can also impact the legal proceedings.
10. It is essential to understand that even seemingly minor offenses like stealing a pen can have serious legal implications.
11. The consequences of being arrested for theft can extend beyond criminal charges and may impact one's reputation and future opportunities.
12. It is always best to avoid engaging in activities that may be construed as criminal offenses, regardless of the value of the item stolen.
13. The legal system in India takes theft cases seriously, and individuals found guilty of theft may face harsh penalties.
14. It is crucial to be aware of the laws pertaining to theft in India and to abide by them to avoid legal complications.
15. Seeking legal guidance can help individuals navigate the complexities of criminal law and understand their rights and responsibilities.

### In Summary:
In summary, stealing a pen that is lying on the ground can lead to criminal charges under the Indian Penal Code, specifically Sections 378 and 379. The act of theft, regardless of the value of the item stolen, is considered a serious offense in India. It is important to seek legal advice in such situations and to understand the potential consequences of engaging in criminal activities. It is advisable to refrain from stealing or engaging in any behavior that may be deemed illegal to avoid legal repercussions."
2024-05-02 16:26:23,What is CSR?,"### Company Law: What is CSR?

1. **Definition of CSR**: CSR, or Corporate Social Responsibility, includes projects or programs related to activities specified in Schedule VII of the Companies Act, 2013.
   
2. **Responsibility for CSR Policy**: The Board of Directors of a company, after considering recommendations from the CSR Committee, is responsible for approving and disclosing the CSR Policy.

3. **CSR Policy Approval**: The approved CSR Policy must be disclosed in the company's report and displayed on its website as per the specified format.

4. **Composition of CSR Committee**: The CSR Committee's composition should be outlined in the annual report, along with an overview of proposed projects or programs.

5. **Financial Requirements**: The company must allocate a prescribed CSR expenditure, typically two percent of the average net profit over the last three financial years.

6. **Details of CSR Spending**: The annual report should include details of the total amount to be spent, any unspent amount, and the manner in which the funds were utilized.

### In Summary:

CSR in India is governed by the Companies Act, 2013, which mandates companies to allocate a portion of their profits towards social responsibility initiatives. The responsibility for CSR policy approval lies with the Board of Directors, who must ensure compliance with the Act's requirements and disclose relevant information in the annual report and on the company's website. The CSR Committee plays a crucial role in recommending projects and overseeing the implementation of the CSR Policy.

### Relevant Law Sections:

- Section 135: Corporate Social Responsibility
- Section 380: Composition of CSR Committee
- Schedule VII: Activities for CSR Projects or Programs"
2024-05-02 16:36:53,Can I get arrested for stealing a pen,"### Relevant Sections of Indian Law:
- Section 378 of the Indian Penal Code (IPC) deals with theft.

1. **Theft Definition:** According to Section 378 of the IPC, theft is defined as the dishonest removal of movable property without the owner's consent with the intention of permanently depriving the owner of it.
   
2. **Punishment for Theft:** If the value of the stolen property is less than ₹200, the offense is punishable with imprisonment for up to one month or a fine of up to ₹500, or both.

3. **Arrest for Theft:** Yes, you can be arrested for stealing a pen as it falls under the offense of theft, which is a criminal offense in India.

4. **Filing a Complaint:** The owner of the stolen pen or any person authorized by them can file a complaint with the police, leading to your arrest.

5. **Legal Proceedings:** Once arrested, you will be taken into custody and produced before a magistrate within 24 hours for further legal proceedings.

6. **Bail:** You may apply for bail, depending on the circumstances of the case and the magistrate's decision.

7. **Trial:** The case will proceed to trial, where you will have the opportunity to present your defense and evidence.

8. **Legal Representation:** It is advisable to seek legal representation to navigate the criminal justice system effectively.

9. **Penalty:** If found guilty, you may face imprisonment, a fine, or both, as prescribed under the law.

10. **Criminal Record:** A conviction for theft can result in a criminal record, which may have long-term consequences on your future opportunities.

11. **Restitution:** You may be required to return the stolen pen or compensate the owner for its value.

12. **Evidence:** The prosecution will present evidence to prove the theft beyond a reasonable doubt.

13. **Defense:** Your legal counsel can challenge the evidence and arguments presented by the prosecution.

14. **Mitigating Factors:** Factors such as intent, value of the stolen item, and your criminal history may influence the outcome of the case.

15. **Appeal:** If convicted, you have the right to appeal the decision to a higher court.

### In Summary:
Stealing a pen can lead to your arrest under Section 378 of the IPC, which defines theft as a criminal offense. The legal process involves filing a complaint, arrest, trial, potential penalties, and the possibility of a criminal record. Seeking legal representation and understanding your rights are crucial in handling such situations effectively."
